reviewId,userName,userImage,content,score,thumbsUpCount,reviewCreatedVersion,at,replyContent,repliedAt,appVersion
075a42ea-aa6c-4e26-8656-ceba8e4d4cfd,Swati Dalal,https://play-lh.googleusercontent.com/a/ACg8ocJCeE2UCJqouYn-CvNB9elsggj0TWnoFMa_sj71u-SBcssokg=mo,greatest aap,5,0,,2025-07-10 00:34:10,,,
2500379f-c3d7-4872-9a87-3424539de838,Mahi Soni,https://play-lh.googleusercontent.com/a-/ALV-UjX9aD3n1S9lG4nLw0yj4V1h9UjaWzuo7qHG0WHtxWCoZBU3Q8r2,update kro n,1,0,387.1.0.34.85,2025-07-10 00:33:52,,,387.1.0.34.85
7c184545-2937-464b-8cfa-52cb3837643d,Madan Mistry,https://play-lh.googleusercontent.com/a/ACg8ocIY2hq9B0D3e46DE6De6qCuDHQdiZFv9e8gX-00I4ECjkocvQ=mo,just a instgram!,5,0,387.1.0.34.85,2025-07-10 00:31:43,,,387.1.0.34.85
3b1d5375-dec3-4205-935c-ccece7d3ac85,Kanya Saini,https://play-lh.googleusercontent.com/a/ACg8ocIwQT1MfbkPgii3G7_-3lAVbNqMhQ_C1xHyIibiGuLexjoX_w=mo,pawan saini,5,0,,2025-07-10 00:31:09,,,
fe4d670d-880c-4794-a759-e3c4ad34e6c3,Adham Shavkatov,https://play-lh.googleusercontent.com/a/ACg8ocIWceEhAuWafUXhBTVFmd0gBKP2svzaXklFY5QYXMz_suxSfA=mo,"Commentary is too bad, you must fix it",1,0,,2025-07-10 00:31:03,,,
220c8bfa-a0b7-4d73-97fb-549c7dd66f7f,Seth Conkey,https://play-lh.googleusercontent.com/a/ACg8ocJVy0nKGzNeh89ilA2YvejQ4X8djY7aB6JKKPkRy5PiDamSuA=mo,they deleted my account which i followed all the guidelines and everything. i lost all the people who i made freinds with and took my personal information and everything i worked hard for. don't download social media apps they don't let you have the freedom they say they'll let you have. even when you follow everything by the book. so screw Instagram maybe if you gave me back my account that you falsely accuse me of not following the guidelines i wouldn't be say this.,1,0,387.1.0.34.85,2025-07-10 00:30:00,,,387.1.0.34.85
ff826154-16cb-42c4-8eae-74401613fde8,Sonam Sharma,https://play-lh.googleusercontent.com/a/ACg8ocIhzAxxDdNRmlK9Bi3FPpaju727Jdlx1fB-AaKe0vNHgoDaZQ=mo,Instagram is my favourite app but the blocking rules are just ridiculous. If someone log in to their account with my phone and blocked by someone I also can't reach that id. this should be changed.,3,0,382.0.0.49.84,2025-07-10 00:29:15,,,382.0.0.49.84
c3e2f71f-1470-4cca-9993-9945566334d7,Taimoor Raza,https://play-lh.googleusercontent.com/a/ACg8ocJ0YlKJoeNd-8fdboRr5e5oosER59wHDvHcit_hzyq_5PRWVA=mo,it's amazing,5,0,387.1.0.34.85,2025-07-10 00:28:59,,,387.1.0.34.85
b603e3ab-6468-466a-b6b7-b2b01dd3abd5,Dhinesh Ram,https://play-lh.googleusercontent.com/a/ACg8ocLEC-67XoFwiViJ4VqG6se_YVDBHBykT2rwpyp0pxIQMD-jwQ=mo,Deh,1,0,384.0.0.46.83,2025-07-10 00:27:38,,,384.0.0.46.83
6f5dc4e3-b7eb-476e-b76b-f34a7fe25e5d,Anita Katariya,https://play-lh.googleusercontent.com/a/ACg8ocIAVi7R9ZOMfbfd5IgyGYwTOh_X0SdOdjEqdAHd_VLMCAC06w=mo,very good,5,0,387.1.0.34.85,2025-07-10 00:27:35,,,387.1.0.34.85
7ae18bdb-8d0c-49e3-a518-92a6321ac428,Raushan Kumar,https://play-lh.googleusercontent.com/a-/ALV-UjXi0zmxFxCAtRq2DLfM1AzXFP29UCtt-y0AoG4j6qtuaXgcvwKn,vibe to hai üòå üëå,5,0,387.1.0.34.85,2025-07-10 00:25:42,,,387.1.0.34.85
a7eba90e-8c55-4590-b8ad-e4104d611651,Balaji Panchale,https://play-lh.googleusercontent.com/a/ACg8ocID8xhRo0cKN1Sgjkedz86xpNHBPDVZPFDC7xEwvEw3-5qkHA=mo,üëåüèºüëåüèºüëåüèºüëåüèºüëåüèº,5,0,,2025-07-10 00:25:24,,,
9fe0b71a-5a24-477a-9466-b9a1220de8a5,Aaryan Gupta,https://play-lh.googleusercontent.com/a/ACg8ocKOv_ZbmYgMV3k2QFN3piPy8tzOOmUjqHpkYmSrR_6oBgryxg=mo,addictive,1,0,,2025-07-10 00:25:23,,,
631fcfcc-4464-4632-a0d7-5634d0b01ca1,Disha Paul,https://play-lh.googleusercontent.com/a-/ALV-UjVlohQc0ly3jG-YhMk2WKWWd9uoMdhQCcy0sKzOVuerQy0XD4g5Ew,Can't get the song feature where I can put songs to my account.,2,0,298.0.0.31.110,2025-07-10 00:24:28,,,298.0.0.31.110
001f2f39-562d-4920-b939-2c16c7770fce,Vignesh A,https://play-lh.googleusercontent.com/a-/ALV-UjX9zNPSRXCgz_ZPWlW-ApcNATmsuRsgks2ko1KcdJ5mpqT2Geo0VA,i cant switch back from a professional account to a personal account Now the app is not running smoothly and there is a critical issue in switching from professional account to a personal account .. please fix this issue as soon as possible,1,0,389.0.0.0.73,2025-07-10 00:23:33,,,389.0.0.0.73
b44ce5d6-e8a3-40fe-9d74-9570fc57441b,Rajiba lochan Beura,https://play-lh.googleusercontent.com/a-/ALV-UjWyDQZlMQkaa77GCIhKp4w3CnjRNCpSF0JrUO3DePi0Px9qqaGw,beutiful,5,0,387.1.0.34.85,2025-07-10 00:23:01,,,387.1.0.34.85
5955e888-0cf3-49a8-a87b-87dd5e2a8708,ÿ≥€åŸÜÿß ÿß⁄©ÿ®ÿ±€å,https://play-lh.googleusercontent.com/a/ACg8ocLtS_iwf0IBkxAFoGk52y_4k0cun7P2T1_PKt63dRpN_4PK=mo,üëçüëçüëçüëç,5,0,387.1.0.34.85,2025-07-10 00:23:00,,,387.1.0.34.85
be6516c8-1e05-481f-8919-a57d7e8f82d3,Muskan Sharma,https://play-lh.googleusercontent.com/a-/ALV-UjVqdxudN_-WIo4qygJxBHz8kcKmtsysbLQ8pXMit8R3QwfsJE8,So happened app,5,0,387.1.0.34.85,2025-07-10 00:22:58,,,387.1.0.34.85
382f7014-88c4-43f4-a408-91e399477a29,Sodiq Salami,https://play-lh.googleusercontent.com/a/ACg8ocKUxh1WGCva0dDWp3EHJ2gA_CRopNe4fPrpS25Nj72dSiFX1g=mo,it very good and lovely,5,0,383.1.0.48.78,2025-07-10 00:22:48,,,383.1.0.48.78
21323715-c236-414c-a1d7-95ec4671148b,Radhe Radhe syan,https://play-lh.googleusercontent.com/a/ACg8ocLWUaKFdwQZnIl97SA4KFqmplmtFs121FuYFWyRkNmEnRfIJw=mo,radheshyam =2FJQYGV9_7s,5,0,,2025-07-10 00:20:43,,,
4abd1557-2c5b-4439-90dd-e3869ba517cf,Nafees Ahmad,https://play-lh.googleusercontent.com/a-/ALV-UjXZTHn-tUtm5N8c6FYFIVgm0B9VQxHhP9Kf7cohzTLiJ03zWzY,very nice,5,0,383.1.0.48.78,2025-07-10 00:19:58,,,383.1.0.48.78
248492a0-7c53-4ea4-a22a-658f4ebdba96,Khbir Patel,https://play-lh.googleusercontent.com/a/ACg8ocJUOO89iBW-Fap5TsDHsBofrX4Z8ZeWzqEnGKwksFcxPbWIQw=mo,Instagram is boring appüòÇüòÇüòÇ,1,0,188.0.0.35.124,2025-07-10 00:19:54,,,188.0.0.35.124
00b210e5-129a-4e07-9a55-7ba285c54bed,SIVASANKARI S,https://play-lh.googleusercontent.com/a-/ALV-UjWuzhVG4zwEaSawDccRykb-ctu4Nw-YXbvsoWqfJnmadyppGtK9,awesome,5,0,387.1.0.34.85,2025-07-10 00:18:28,,,387.1.0.34.85
fe2b4781-fe78-4d13-942a-93fac621f0b6,Heeba Ansari,https://play-lh.googleusercontent.com/a/ACg8ocIuwc5a0P6r8oksWy50LErGX_b1sqj9L5xoWYfwFGfTL-42MQ=mo,i love instagram,5,0,,2025-07-10 00:18:23,,,
e4058484-ba30-46a4-857d-b173800d5f3b,Mounika Bhanu Sree,https://play-lh.googleusercontent.com/a-/ALV-UjVBDyIuCBCFGhGJWWUXmkwPLPZN8DFNK_1XntcGle-haxBAdg,super,5,0,387.1.0.34.85,2025-07-10 00:18:07,,,387.1.0.34.85
214d727b-72dd-4b12-9527-4e59337a7827,Suna. Naj,https://play-lh.googleusercontent.com/a-/ALV-UjXt_eSCgVXJpy2QLB_QZuT_x8oQUNNECT7mcIdHbYE8iq9XLDY,super se bhi upar,5,0,387.1.0.34.85,2025-07-10 00:17:24,,,387.1.0.34.85
3723bb3e-d060-4e87-83fa-192e7dd023fc,Azaz Ahmad,https://play-lh.googleusercontent.com/a/ACg8ocKWhe7sA2wyakGR6t-k6uc2_3jafXV86COOgvfQnmKpnq_6mw=mo,this is my favourite app I love Instagram,5,0,387.1.0.34.85,2025-07-10 00:16:52,,,387.1.0.34.85
3dc5c7fe-cb0d-43ed-8aa0-e316c8cbd092,Asmita Shaw,https://play-lh.googleusercontent.com/a-/ALV-UjXbRQCWTogVsq5ZIWrS9ZXxP-qOe0wcY7H6c4lzGACB0wywCik,I am unable to install instagram help me,1,0,,2025-07-10 00:16:26,,,
fcf6ba07-4f80-4098-baab-9ef32ffc468f,Pavan Kalyan,https://play-lh.googleusercontent.com/a/ACg8ocIk22F2-xXXDSYRgeuSLAcm-Mh--ARRNn89rvZ5jhuRiRuBNQ=mo,good üëçüèª,5,0,,2025-07-10 00:15:33,,,
9e34e117-cd5e-458d-901b-35f58635e640,Kuldeep Kumar,https://play-lh.googleusercontent.com/a/ACg8ocKKaqq9Hztk2oYgamrhcN63UMYwuqMGzCf2jOp5WUSmgh06DA=mo,nice,5,0,,2025-07-10 00:14:50,,,
7bee6909-5865-4e40-8e86-1a05174e986b,nikos,https://play-lh.googleusercontent.com/a-/ALV-UjW-qUZo4TFomZVOkCw_lsmfaCK3iBm0ICGLgPdX29SlwvrtjQHn,a lot of bugs. And you cant be in a call on pc,3,0,199.1.0.34.119,2025-07-10 00:14:01,,,199.1.0.34.119
9e0e39aa-9422-46a1-864e-b8ca558ee3f0,Kiran Kumar Reddy,https://play-lh.googleusercontent.com/a-/ALV-UjXduWFZZE7Iu2T-id2pLTfoK08Z-2WQtsYCz3Cj2vXYrK4A9wtn,"It's been 2 days but my story haven't deleted it, it's not deleting while I'm deleting itü§ßü§ß Arey erripukoda, aa reel swipe chesthunte prathi reel ki interested or not interested endi ra puka ü§¨ü§¨",1,0,387.1.0.34.85,2025-07-10 00:13:36,,,387.1.0.34.85
83ca848e-3d46-4d39-94b3-c038f7b2ac9f,Steve Luna,https://play-lh.googleusercontent.com/a-/ALV-UjUkZSMouvF0MXxpoh4T5cDcoaXIXQyULQU2wrIEypnuXpc05QYM9w,"After the latest update, I am not able to upload multiple photos. Please fix this bug for Android.",3,0,387.1.0.34.85,2025-07-10 00:12:43,,,387.1.0.34.85
fab994b8-5db9-481b-8490-ab6ebd5d12b1,lala gunathilaka,https://play-lh.googleusercontent.com/a-/ALV-UjWZ_E8ByyIFTfAXFGmJ6rltk9CvumWQ0IQhDOrZfCqhIlqYrDQ,nice,5,0,,2025-07-10 00:12:12,,,
5c1f8881-0308-4e44-8c74-2efd950eec0c,Raimal Raut,https://play-lh.googleusercontent.com/a/ACg8ocKCT_5kMum4v9ZtkkVuBpCO2A6LlhPUIauWYbRb6nE9gryuow=mo,raimalraotrj12 rwtt,5,0,388.0.0.34.75,2025-07-10 00:11:54,,,388.0.0.34.75
af6e7781-c808-4cc5-a8c3-50bc6c07583f,Peternut552,https://play-lh.googleusercontent.com/a-/ALV-UjWUDv_2KfYM3fOORlh0tvLzNXDhxJQeXWSuxpyWkNXio0woFbo,Israel Censorship. (((shhh))),1,0,387.1.0.34.85,2025-07-10 00:10:02,,,387.1.0.34.85
06cb5eaf-7e06-4875-ad14-7c2672a4dfd0,Aman Kumar,https://play-lh.googleusercontent.com/a-/ALV-UjXUig_kfSgAPfc471xl-HihKe51mBtcn4kav5Ug8kvp3vz_oL4,I can't log in my id there many glitches and bugs Instagram is laughing update with new features but also with new bugs and glitches,1,1,387.1.0.34.85,2025-07-10 00:09:24,,,387.1.0.34.85
78a916f1-5b4c-40bd-bdc2-5d47762839aa,Sarwar Shaikh,https://play-lh.googleusercontent.com/a/ACg8ocIf6WmoCAfRmvlpB3Wrmoiv6FQSJapM3Z9WFmhYputfHyOtIg=mo,nice,5,0,383.1.0.48.78,2025-07-10 00:09:04,,,383.1.0.48.78
26d4fe94-c930-4631-8feb-bc8ba8e6cc5a,Deniz,https://play-lh.googleusercontent.com/a/ACg8ocIvo_Ug09HSnyGU08qhxfl3UXEO2rIeqJuGwrfkiXodJ2MYhg=mo,ƒ±rk√ßƒ± ve zorba yorumlar atamƒ±yoruz onun dƒ±≈üƒ±nda normal,3,0,387.1.0.34.85,2025-07-10 00:08:49,,,387.1.0.34.85
4f5096cd-441e-47ab-9d88-e35663ec0b1e,HTC HD Hey,https://play-lh.googleusercontent.com/a/ACg8ocKMspt-Xtoa8eZhSD9etK0ZedoacgHzmaTL31iCo7ZbmeUtVw=mo,üå∏üå∏üå∏ beutiful application,3,0,387.1.0.34.85,2025-07-10 00:08:27,,,387.1.0.34.85
dc84cdd9-a3c9-4dc5-a560-976c4d4a57e2,Jayanta Sardar,https://play-lh.googleusercontent.com/a/ACg8ocJkJpxk7s3_hKh-xFIPNGFtditibPs_4XvHR22E-NyCauP2TA=mo,my video viral please.‡•§ My video boost üí• how to Instagram viral video my challenge video final place,5,0,387.1.0.34.85,2025-07-10 00:08:20,,,387.1.0.34.85
bd487f74-9688-451a-a537-c8d4a240bedc,Jothish K V,https://play-lh.googleusercontent.com/a-/ALV-UjXa4S9vT5WRdWXrjZSP1S5tEy1nZlKil_WyxoL3ADJX0AGizwTL,Instagram i like,5,0,,2025-07-10 00:08:18,,,
8215fb9f-08b1-443a-b148-fc945602a64c,Kamre Alam,https://play-lh.googleusercontent.com/a/ACg8ocJ08KP7mETrhX3Bv55w1pu2WzZioksk-e1660dCOtShRdxhLg=mo,good üëçüòä,5,0,387.1.0.34.85,2025-07-10 00:07:37,,,387.1.0.34.85
89c3731c-b5c4-4078-bdfc-42c9ea27e392,Shubam Saha,https://play-lh.googleusercontent.com/a-/ALV-UjXv3jtySgm_24j5Q76UlJ-i4dxLCNeheTEYUpDQERqqjqx24tEA,very good üëç,5,0,385.0.0.47.74,2025-07-10 00:07:25,,,385.0.0.47.74
03f7ec62-9c42-4d70-9393-1ccddf0cb9b2,Owen Drugan,https://play-lh.googleusercontent.com/a-/ALV-UjXojeccEj8VrxEsoL2rCTgVS85qwMbq58bJqDIGYw_Ji3yB7YM,I have been using Instagram for years and I really have just posted on some Pictures as of just right now a second ago so it is an amazing Application that I would highly recommend to anyone to be completely honest and unbiased with you all!!!!.... üòÅüëåüíØüòÄüëÄü§úü§õüõúüì∂üéÆ‚ò∫Ô∏èü§óü´µüëêü§ôüôåüëç‚ù§Ô∏è,5,0,,2025-07-10 00:07:21,,,
faef9092-029c-4265-89d3-cb00308d49cf,Cam Schmitt,https://play-lh.googleusercontent.com/a-/ALV-UjUFXqqVTd8lGPGHJxE9rZg5ZnI9rAO4xLM3_3_Ij5eCyXaHIZ9c,Shows very few posts from people I actually follow. Intentionally throttles views. Too many spam accounts. Instagram when it sold to Zuckerberg went from being a social media app to a data collection app that forces propaganda on you.,1,0,387.1.0.34.85,2025-07-10 00:07:17,,,387.1.0.34.85
3e1a8438-8e4f-4e83-8026-0eada575037b,A Google user,https://play-lh.googleusercontent.com/EGemoI2NTXmTsBVtJqk8jxF9rh8ApRWfsIMQSt2uE4OcpQqbFu7f7NbTK05lx80nuSijCz7sc3a277R67g,last so many days I was facing no refresh and feed issue and si many time I did tried to contact to support team still in can't get any answer and it's not rectified,1,0,387.1.0.34.85,2025-07-10 00:05:47,,,387.1.0.34.85
5161c789-c384-4989-9026-d87afa9ea9dd,TECHNO GAMER,https://play-lh.googleusercontent.com/a/ACg8ocJl8v4P887enMXNwTJz9hzpdTYkZK7HPrcxImyWd3pd2FCcvg=mo,best app so far ‚ú®üëçüèºüíØ,5,0,387.1.0.34.85,2025-07-10 00:05:25,,,387.1.0.34.85
763ec641-6f99-41f1-a634-14231ec231b8,Niranchan Elampooranan,https://play-lh.googleusercontent.com/a-/ALV-UjX2VPfI3LCw4rHrVmgMlN30-Up4-PttBUf783g4njHPGb_FT2eS,"so many bugs. I had two accounts and one account's followers showed in another forcedly, it went only after I unsigned the secondary account. The notes portion just vanished, rendering texting for quite a while. and the top portion of the screen leaving gaps.",1,3,387.1.0.34.85,2025-07-10 00:04:18,,,387.1.0.34.85
518fafea-f984-441d-b84f-dbf3d26e76a9,Ishauny Tillett,https://play-lh.googleusercontent.com/a/ACg8ocKmgNAvxXs6uNLzqgX0iPtcotXG2s5TIg0gPEJpWEUpz4Ns4w=mo,very good,5,0,387.1.0.34.85,2025-07-10 00:04:11,,,387.1.0.34.85
fa71e170-9131-47a9-88ea-34d8d47f4c58,Enzo Kings,https://play-lh.googleusercontent.com/a/ACg8ocJKTa3wxxUc59EakJAVpI1e4KTIiQtEK1eKTAsl9IjQL0xrQg=mo,It the best even now,5,0,387.1.0.34.85,2025-07-10 00:03:59,,,387.1.0.34.85
47107914-096f-40b1-b880-68e4d38d35c4,Satyaranjan Panda,https://play-lh.googleusercontent.com/a-/ALV-UjUcjPXIidNAeY9JhhXQCdpQEolw7JgRIZN1co9q4E65ut5PYnPG,good,5,0,385.0.0.47.74,2025-07-10 00:03:28,,,385.0.0.47.74
c3cf6e0d-ca51-4b27-919a-2f3b72281827,Dmitry Gorlov,https://play-lh.googleusercontent.com/a-/ALV-UjUf_kXTBNDM0-b8sIpc_6M2x09G0UmQffHG8swHuPeTSfz5L7CNTA,"meta ruined Instagram completely, from a cozy place where people shared photos it turned into an ad-pushing nonsense.. also no matter how hard you try you can't disable stupid in-app notifications that someone shared a new post or replied to your comment even tho all the notifications are off in your settings. I am finishing writing this and gonna delete it from my phone",1,0,387.1.0.34.85,2025-07-10 00:03:11,,,387.1.0.34.85
c1ab3fdb-6616-4707-98cd-8ffd680aaa62,Puja Dutta,https://play-lh.googleusercontent.com/a-/ALV-UjV8uCrzLPZhErFtBkFebD_DlqltStb2FRlSW4gRmIzYiDAUwg8Pew,remove,5,0,,2025-07-10 00:02:40,,,
01f81a54-3d04-434a-8640-0bf082c9a343,dizzle,https://play-lh.googleusercontent.com/a-/ALV-UjWD17JqOICC5_BNMR46Fj8k2bf-5l-jlghvVwhFHN9G7WXp72k,"Hate the visible likes of friends. I don't want people seeing what I like, and I am extremely over seeing my friends likes. I hate seeing their bubbles on anything I watch. Make that go away.",1,0,387.1.0.34.85,2025-07-10 00:02:20,,,387.1.0.34.85
240615c0-39d6-40b2-b24d-9ab9ed6143e1,Amandeep Singh Rathore,https://play-lh.googleusercontent.com/a/ACg8ocJAzn6IGmeje2I6UJtPUc7NnXAE38tEAOP985mm5XCF23x_og=mo,nice üëç,5,0,387.1.0.34.85,2025-07-10 00:02:13,,,387.1.0.34.85
0df51c88-693e-4641-894d-a1e3145d0e11,Ankit Gupta,https://play-lh.googleusercontent.com/a-/ALV-UjVzUld4eAR2Mnia_z5mNdm86TtzHbOS8UORGguepE00vADbsTiV,too much glitches,2,0,387.1.0.34.85,2025-07-10 00:01:55,,,387.1.0.34.85
25c6c25f-a973-4aaa-85ae-1713de9921bb,P9 GAMING YT,https://play-lh.googleusercontent.com/a-/ALV-UjUua5_8WGjAa4-oMD5YgJIkmcwV2mOrubumqJ4Hnys9pHEojA,Nice App,5,0,,2025-07-10 00:01:53,,,
e0d2eed6-bfac-4674-b145-0bed173f712f,Olateru Oluwafunmilayo,https://play-lh.googleusercontent.com/a/ACg8ocL9Sy1zR9kJG1cHQ0aVRuzaiE6P2eo5EqQckpt-sqDIx92otw=mo,not bad trying good pure cool,5,0,384.0.0.46.83,2025-07-10 00:01:44,,,384.0.0.46.83
51576eab-f6f2-48f2-b984-c298f3eafbd0,Geetha Geetha,https://play-lh.googleusercontent.com/a-/ALV-UjWZgWahVZPDKf-sWJnYZ0Ds2jasme4yTcYNfJTMSnOPQHFb9iVu,500,5,0,,2025-07-09 23:59:42,,,
c8499b3f-cccc-46b6-ae84-afa8e0b6c418,Reehan Inamdar,https://play-lh.googleusercontent.com/a/ACg8ocJaSP1LLu8mQ6iXvcS4ltOmqusqhuBtgz7ls7dSzcpksJMcxg=mo,amezing app,5,0,,2025-07-09 23:59:27,,,
091aa311-5522-4ef6-8d17-80ba71e0cf99,Tak Yeung,https://play-lh.googleusercontent.com/a-/ALV-UjXfkHMwl7XRkuZky_7EymKIGYtgxm2SHj3gqzpwxPNhsC4Y97k,I used to love this app but now given 1 star because too many ads and sponsored posts which I am not interested in and when you hide them they reappear next time you are back in the app. After sharing a photo it doesn't save the original photo into your photo gallery anymore. I have checked all the settings. I even uninstall and reinstall the app and also restarted my mobile. My mobile software is up to date too,1,171,387.1.0.34.85,2025-07-09 23:58:51,,,387.1.0.34.85
ee4e4222-36a7-4375-823f-8309bb219c9e,Guru,https://play-lh.googleusercontent.com/a-/ALV-UjWB1yodoOmrTwd6JQrRT25O3-HmxcEZw0HShlQPBy3dIDOEdQYg,my reels trending views pls help mee,5,0,387.1.0.34.85,2025-07-09 23:58:39,,,387.1.0.34.85
464871f4-7758-44b0-820d-c8697c7e4c63,Toni Pope,https://play-lh.googleusercontent.com/a-/ALV-UjVKiPoqsa6CvzTg7ZtiDeA-xd_RsK1vwbfmDmALqcTrngCcBl-cfg,"terrible audio in calls, not even worth using at this point.",2,0,387.1.0.34.85,2025-07-09 23:58:26,,,387.1.0.34.85
182742a6-cd04-445d-98a2-fc127d2db25f,Debjit Pramanik,https://play-lh.googleusercontent.com/a/ACg8ocKrQy7gNC9Yid3YH7T-ChE3QToxXUNDdaty017vex8Q0_IEKA=mo,no hate but I just want to become popular I am also trying hard can you please help me !!,5,0,387.1.0.34.85,2025-07-09 23:56:45,,,387.1.0.34.85
27ae3c5e-63ba-450a-a7a4-81820d781fb7,Erfan Aziminia,https://play-lh.googleusercontent.com/a-/ALV-UjUvLX5Zje4g9fub9me4LtagHP1mWorEsmCD3WnJ_Azwn9br2Wg,nice,5,0,385.0.0.47.74,2025-07-09 23:54:35,,,385.0.0.47.74
d8b8786d-0658-4bff-80eb-46e6afafeca3,–ú–∞–∫—Å –û–≥–Ω.,https://play-lh.googleusercontent.com/a-/ALV-UjUCcKLObU8CmwPKFc-4A7dx6m8X0tSZJOUQ9JDtBdhCHxnNRqjw,Updates... Updates and again updates... I can't get in to my Instagram account because it says my nickname doesn't belong to my Instagram account while the app literally shows to me the nickname abd it don't let me even to edit it!!!! Stupid updaters,1,0,387.1.0.34.85,2025-07-09 23:54:20,,,387.1.0.34.85
c0dc9268-f32d-4135-a11c-d9f4288dca35,Sai Gange,https://play-lh.googleusercontent.com/a-/ALV-UjUHi-PhqJgTD6K7MwWTzLrZrA4D23oXd7im8B5S4tupkWYveseG,nice interesting üòÉ,5,0,387.1.0.34.85,2025-07-09 23:52:35,,,387.1.0.34.85
a90d2560-9521-413b-adf3-05134f2bc333,Koyel Ghosh,https://play-lh.googleusercontent.com/a-/ALV-UjVjpTPX4oV9YtG9PeQnfcA0qQcFA4Lvrj1abc6jtmTq6S1ZYSHx,my favorite app Instagram,5,0,387.1.0.34.85,2025-07-09 23:51:58,,,387.1.0.34.85
4db74a80-05c3-4889-8cc5-25c9a5eecc4e,garmisch wong,https://play-lh.googleusercontent.com/a-/ALV-UjVHbU26cnQOCD1JXkcOyNgBgZ5pAoy8HHl04zAhChxXCXGMiIFeaQ,"horrible user experience, unable to edit post",1,0,388.0.0.31.75,2025-07-09 23:51:06,,,388.0.0.31.75
ddadba52-d634-4930-856e-a56743a04fc7,Ankit Sonwani,https://play-lh.googleusercontent.com/a/ACg8ocJQdSnRY44M7uBhwihJqvaI-8I2F9qhxmdUYOUMKK06jtSzKQ=mo,Great app full of entertainment and informative Love Instagram,5,0,387.1.0.34.85,2025-07-09 23:51:04,,,387.1.0.34.85
ac1716fd-171a-42f3-8a22-d1ed190d9840,Baydaa Patak,https://play-lh.googleusercontent.com/a/ACg8ocL_i878L__wiMuRIpm6v4ooD0p-GbMNHyIa1h_6SbJ0uqujKw=mo,great,5,0,,2025-07-09 23:50:54,,,
770c43b6-4e55-484e-9132-aa6f7f005212,JFO UNRWA,https://play-lh.googleusercontent.com/a/ACg8ocJLE6AEWaIPfUS022xPwWurnoeOIb1Kd0sWPylFbueuPZ6tTA=mo,üëç,5,0,387.1.0.34.85,2025-07-09 23:50:49,,,387.1.0.34.85
7140d1c0-9032-44bd-bc71-f34f23c75c8a,KRISHANU MAITY,https://play-lh.googleusercontent.com/a-/ALV-UjWj2_nTbPjZRG9bb8-kcqTyjWfBtHwuatrHBM7kaRltuLkKIuI,outstanding üëçüëçüëçüëç,4,0,387.1.0.34.85,2025-07-09 23:49:15,,,387.1.0.34.85
d939448f-07d5-40d4-a39e-105938f6f08d,Deepthi Anil,https://play-lh.googleusercontent.com/a-/ALV-UjU5i7JvmPtxNrLyaCAYiM-HcMhLQLzmvarcy7K_Lt2ZZwPrmJ8,no words just chill,5,0,387.1.0.34.85,2025-07-09 23:48:33,,,387.1.0.34.85
69efa875-a929-4a87-8096-e137bd120b1f,Pawan,https://play-lh.googleusercontent.com/a-/ALV-UjUJ0ic64NqU9uIsR2FA_6E6TfQXV4o-yOjTfmWFGW8EsVvgwpa7,Follow me pawan._.xo,5,0,387.1.0.34.85,2025-07-09 23:47:56,,,387.1.0.34.85
e51c0903-daa5-4c07-a8e3-1772ccf95549,selva kumar,https://play-lh.googleusercontent.com/a/ACg8ocIl64fGB-AV1-IuhNCtnXjtWjFT377IrSC4EJzvKmXg4JvHgQ=mo,good,5,0,382.0.0.49.84,2025-07-09 23:47:25,,,382.0.0.49.84
319302e2-1496-4705-b6ae-ce8bf18fcbc6,Barnali Mahato,https://play-lh.googleusercontent.com/a-/ALV-UjVam0VIY7UnVSLfuzE0D54YaRgbyUI2UWNUz-BrGeeYedCe6TgOLg,memes,5,0,387.1.0.34.85,2025-07-09 23:46:11,,,387.1.0.34.85
5e525309-0c17-4339-b445-3d204a46ffb8,Kristine Ducot,https://play-lh.googleusercontent.com/a-/ALV-UjUM4P8EFVYQvvmKGCVs8dBWITuHdiiglXRbWNhzfTcQIm3x_g8,very nice,5,0,387.1.0.34.85,2025-07-09 23:45:57,,,387.1.0.34.85
ef2c1955-408b-4d3b-8bf9-2176b9db92fe,Aribilola Emmanuel,https://play-lh.googleusercontent.com/a-/ALV-UjWI6fTN6hc-pN6rF5ichHbrou0CVf2wcpdFNHxqUtUeT4c607g,I love Instagram very good and nice,1,0,382.0.0.49.84,2025-07-09 23:45:53,,,382.0.0.49.84
758b0701-0151-4187-b422-61678eb3b9a2,Gayathri MS,https://play-lh.googleusercontent.com/a-/ALV-UjUTJE1pik5UR5s8DuepOf8uhK2yoka2q_0CeIlP2dVCt7PU9sx5,good,5,0,382.0.0.49.84,2025-07-09 23:45:29,,,382.0.0.49.84
858d8963-a497-4a5b-8899-de152e4796f4,md yousuf Ali,https://play-lh.googleusercontent.com/a-/ALV-UjUldf8Rr_EC57H-OkwFc3sM2HBEG1X72xZebULRJIA7ioOhnOEX,excellent üëçüéâüëç,4,0,387.1.0.34.85,2025-07-09 23:45:25,,,387.1.0.34.85
8fde063d-70d2-4990-9a0e-6e02a51dc060,Bilal Raza,https://play-lh.googleusercontent.com/a/ACg8ocJkckOFVB4ni9EsxXAVaHBPSMgcxtEpq3_qL9_n7BYSQajbjw=mo,hi insta,5,0,387.1.0.34.85,2025-07-09 23:45:02,,,387.1.0.34.85
f184064e-7b86-4b8c-8b49-e32af7cc42ab,Kelly Melody,https://play-lh.googleusercontent.com/a/ACg8ocJGbpoWZB5JKjo8X9S20x4B8WEIy99mBgdxNfAfQu2U_ktehw=mo,it's good very nice,5,0,387.1.0.34.85,2025-07-09 23:43:53,,,387.1.0.34.85
55ad0926-9076-4909-a3ee-d784ec86f86b,Mohaddese Sakeni,https://play-lh.googleusercontent.com/a/ACg8ocK1d-bL39buZiD4REmFN-2gzT1MlWVqKJnIXGhVwnSbv6fwnw=mo,ÿ¢ŸæÿØ€åÿ™ ŸÜ⁄©ÿ±ÿØŸÜ,1,0,387.1.0.34.85,2025-07-09 23:43:30,,,387.1.0.34.85
66f1e248-13c1-4f62-ac16-51cbad699e37,Charles Udochukwu,https://play-lh.googleusercontent.com/a-/ALV-UjUaMywuPiasWsnx1L7ji_qnS35ogiNGuRdPhUTK1KxkU94T3bE,good and provoking in locking person account,5,0,381.0.0.48.84,2025-07-09 23:42:02,,,381.0.0.48.84
44104c9a-ed78-459e-b90b-cf6b0ffee4bd,Anant Pednekar,https://play-lh.googleusercontent.com/a-/ALV-UjXYsfkiDRj45CKtHEDPzajiyCZYTqfxfr4YWfRux05YufF5v24,‡§ñ‡•Ç‡§™ ‡§õ‡§æ‡§® ‡§ç‡§™ ‡§Ü‡§π‡•á ‡§§‡•Å‡§Æ‡•ç‡§π‡•Ä ‡§®‡§ï‡•ç‡§ï‡•Ä ‡§µ‡§æ‡§™‡§∞‡•Ç‡§® ‡§™‡§æ‡§π‡§æ ‡§Æ‡•Ä ‡§µ‡§æ‡§™‡§∞‡§≤‡§æ ‡§Ü‡§£‡§ø ‡§™‡•ç‡§∞‡•á‡§Æ‡§æ‡§§‡§ö ‡§™‡§°‡§≤‡•ã. ‡§Æ‡§≤‡§æ ‡§®‡§ï‡•ç‡§ï‡•Ä ‡§´‡•â‡§≤‡•ã ‡§ï‡§∞‡§æ ‡§Æ‡•Ä ‡§™‡•Å‡§®‡•ç‡§π‡§æ ‡§Ø‡•á‡§à‡§®...,5,0,,2025-07-09 23:41:29,,,
685ce4b7-994f-491f-8ca1-7c120d5fc00b,Siddharth Rajauriya,https://play-lh.googleusercontent.com/a/ACg8ocLsqaH3t87lJ1VzKDSuqeWWcgzd9EJ3YeeYDR6temGyAQKdfQ=mo,not so good üëç,1,0,,2025-07-09 23:40:37,,,
c75a0a1a-38cb-4414-99ae-5c71511c4019,Pulkit Bharwani,https://play-lh.googleusercontent.com/a-/ALV-UjUHSOMvSuXtqsdNpVMQzcO05WYW5nznyyms_8FMPqoxQF7AKRc,very good,5,0,,2025-07-09 23:40:11,,,
c531619c-17a9-47a1-a541-652af3bfc824,Afridi Zia 123,https://play-lh.googleusercontent.com/a-/ALV-UjXug2zo3jp3KBDu7LM1722gk5BTBB6ALw394WoEhRQtQCSHA-ws,amazing experience but there have been many restrictions that can't grow much of my e-commerce business my another account has been restricted just for comments and messaging with the customers thanks my second review about my account I have faced restricted too much because I can't send msgs on @laviluxbags please remove restrictions from my account on msgs I really disappointed of your recommendation and can't recover my msgs I have done trying much but can't successful.,3,0,375.0.0.38.66,2025-07-09 23:39:44,,,375.0.0.38.66
6d31783c-f859-4fbc-8694-d2f5dfd089fd,Pardhan Karan,https://play-lh.googleusercontent.com/a-/ALV-UjWymqP3H8O--ioMVDeBIKD3gIW4CLhhpdhXK1xPo3Qwp5eReAtD,this is best for show your talent very easily but my follow not increase so help me,2,0,388.0.0.31.75,2025-07-09 23:37:10,,,388.0.0.31.75
b5603dff-b21c-4aec-a21a-1ded53210023,Nikhil Yadav,https://play-lh.googleusercontent.com/a-/ALV-UjW9QYlNqpOgMM7rymUyI3MSTtlitW5QsS_PLa7fkIvxOHkuXeXcoQ,Please remove one time view from chats,5,0,387.1.0.34.85,2025-07-09 23:36:00,,,387.1.0.34.85
62fa1efa-9112-41ee-8387-12b0e2bfb8f7,Harshit Tyagi,https://play-lh.googleusercontent.com/a/ACg8ocJXi2EyI4XwZ1KqWcgcYAvl4gQn2fzZ_AL4-bZBTRGh2zAYCA=mo,nice,5,0,,2025-07-09 23:35:56,,,
97bbbb70-fa06-4000-8251-8e0942986310,shavkat sabitov,https://play-lh.googleusercontent.com/a-/ALV-UjW7gyaghfd3K_SImjD9FPWF_l-3-OobwgOAmvznJo_omVaOMcyK,great,5,0,389.0.0.0.61,2025-07-09 23:35:22,,,389.0.0.0.61
516d27fe-56c1-499c-992e-5ae7d1afb155,Bhavesh Meghval,https://play-lh.googleusercontent.com/a/ACg8ocIJWa5ksADU_nMJQpsM34yLvCo27zuwp2Z7PQcIpRUY5wbTy5jf=mo,nagru hai tare valu epp,1,0,387.1.0.34.85,2025-07-09 23:35:21,,,387.1.0.34.85
a58e2c9a-dcdd-46f8-ba27-cb7c8d4cbc87,Dark Tirax,https://play-lh.googleusercontent.com/a/ACg8ocJqxq9QcxdPGaSTn99S8UppQ6QcakznNdP6O0Tu5DxfId_4DA=mo,landing,5,0,,2025-07-09 23:35:12,,,
dfd4008a-e676-47ca-9699-2a7089d5a850,Iqra Nadeem,https://play-lh.googleusercontent.com/a-/ALV-UjVXvvld_eYShl_2bt1opfVkFI_fUuxSnnEOgjyyu9vvhB3Osemy,Good app,5,0,387.1.0.34.85,2025-07-09 23:35:02,,,387.1.0.34.85
04e0f334-1779-425f-ac20-3b512eab323a,piyush kumar,https://play-lh.googleusercontent.com/a/ACg8ocKw8lXVa3Iu9Vix0RG94nCbZT_DXCYM1Mpyumn6nDY3u5EKjA=mo,mst app ha,3,0,,2025-07-09 23:35:01,,,
bef850c2-ef6a-43d9-92b3-4f450f78e5a0,Abhijit Mal,https://play-lh.googleusercontent.com/a-/ALV-UjUtRUh4sdW2tGRB80y7TU0AThSWIfZWlbaBIRdvt7_kkWWWfXL2,good üëç,5,0,,2025-07-09 23:34:39,,,
47053073-6cc7-4dd4-8f31-4bafc0939dbd,Sagar thakur,https://play-lh.googleusercontent.com/a-/ALV-UjWU9y0imV3P0mSUWbRRPflMMfwql9l4pynGXnykOvlEXlnVxa5s,Good ‚úÖ,5,0,,2025-07-09 23:33:37,,,
f990dff3-c3ab-4897-a780-7282a1e65051,‡®ú‡©à ‡®∏‡®º‡©ç‡®∞‡©Ä ‡®∞‡®æ‡®Æ,https://play-lh.googleusercontent.com/a/ACg8ocJ3FY9r1cx_pvauPVbsca8cJn6pOYyQOriwfN-Kjj_0dwbfCaAc=mo,dlt my service i have privacy concern immediately,1,0,387.1.0.34.85,2025-07-09 23:33:35,,,387.1.0.34.85
7d0f4951-0e10-482c-b520-f107a12d14e5,RK Arunachalam,https://play-lh.googleusercontent.com/a-/ALV-UjXa_FloXwiICx9aZqYgJQlWBQ_Kt2QMlUceSelPU-DsqvWBoDAoaQ,Wasting my time doing many things on this app. Still continues on July 2025. Can't even they have time to respond again... Its the one and only the waste app in Entire Play Store. It won't allows us to respond from Our Side. It's a untechnical and unprofessional app i have ever seen. it won't respond what users are telling. it will directly suspend our account. Such an idiotic app.,1,1,387.1.0.34.85,2025-07-09 23:32:59,,,387.1.0.34.85
d85c5cd3-00f9-4ce8-b326-ad5a0645b284,Jay Bhim,https://play-lh.googleusercontent.com/a-/ALV-UjU3ziFpxkR5F8j994wUe81-4MpAWG0Vk6ExqINvzBNbqmU5YsE,good,5,0,384.0.0.46.83,2025-07-09 23:31:53,,,384.0.0.46.83
445e1e18-fad1-4081-b00d-19b3a8980d5c,soyebislam riad,https://play-lh.googleusercontent.com/a-/ALV-UjVqr-CdldV4rKuJKIBTjlhYbsblTRxbuCm_I3PSkYpZ10WtJB1f,love it very useful,5,0,,2025-07-09 23:31:50,,,
ad63bf1f-7d59-428b-8d5e-a9fc61eef9b1,Payel Mondal,https://play-lh.googleusercontent.com/a-/ALV-UjUTttqIITDfZ4OdgkKNZJX801VetHzraUHw5aUC3FV-OBTUqi42,üíù,5,0,387.1.0.34.85,2025-07-09 23:31:25,,,387.1.0.34.85
a4e50be1-f6b8-4ed0-bb87-d140be025027,Muhammad suhail Ck,https://play-lh.googleusercontent.com/a/ACg8ocLJ7FWn3iLvLrVN_dkuXneSxuV8j_ygtp6BmAAMNyjpY29VyQ=mo,Good,5,0,278.0.0.22.117,2025-07-09 23:30:36,,,278.0.0.22.117
ce9cb6d9-f44e-4f62-9ff1-d0e7a4141869,Ekru Abra,https://play-lh.googleusercontent.com/a/ACg8ocI2N6kuD3T5ahwu07ewV66e1qK4ARkYXPGwI3XSl5VaCg93Ig=mo,good app funny enjoyable mind blowing j,5,0,387.1.0.34.85,2025-07-09 23:29:21,,,387.1.0.34.85
1eb95414-dea0-4e72-adca-3af8c20499c4,yadav gaming,https://play-lh.googleusercontent.com/a/ACg8ocKMIVxzLbSVtrGEyJc5q3HuGfs0lA7RALk1tLWvQl5XxJWtEg=mo,good morning,5,0,387.1.0.34.85,2025-07-09 23:28:59,,,387.1.0.34.85
ea087b38-40bd-4c4c-bd23-e06f86e5ccfd,Agbo Onyeka,https://play-lh.googleusercontent.com/a/ACg8ocJio93Fl7U5FM0GrkaLgoR36CrjyZnXNCmf8IigSypR4HKVMg=mo,a very nice app,5,0,372.0.0.48.60,2025-07-09 23:28:56,,,372.0.0.48.60
4adfe0a2-2673-4074-b378-2c6d77eba07f,Klaus Tavengerwei,https://play-lh.googleusercontent.com/a/ACg8ocJiqGbZxMIxcQsESG5q_Y990D_s5HP3cfSABXuLPOxr1FftAQ=mo,one of best of the best social media media app,5,0,,2025-07-09 23:28:54,,,
78084cde-0498-46ac-9a4c-f8c793981bf2,Soumyadeep,https://play-lh.googleusercontent.com/a-/ALV-UjWIWs8rroLBTQ0sslqrwNZRfxpHeJlzZML3pEDRQ0A5Tb7zg2A,overall good app but sometimes feels lagy and glitches bugs. please fixed it.,3,0,,2025-07-09 23:28:39,,,
7b9c7756-ec6f-4150-888f-f866bb148b8d,Ambrish Khed,https://play-lh.googleusercontent.com/a/ACg8ocLnITqVPkj1OwKqll-_WQb4zRTaGC4xYC2QKG-pvsdVpht4jA=mo,a.,1,0,,2025-07-09 23:28:18,,,
6e05d550-2d1a-47d4-8a26-ef0255800e77,Donald Ebirim,https://play-lh.googleusercontent.com/a/ACg8ocI4ylUZ8gjHCswrpqTYsEarquzafs3xC9JrTUiaSdrW8txw8A=mo,will give better review after having enough experience,3,0,387.1.0.34.85,2025-07-09 23:27:48,,,387.1.0.34.85
c7553963-7199-47ed-9faf-5cc3d7bd7d1b,Richard Artor,https://play-lh.googleusercontent.com/a-/ALV-UjVQDTrybYWZKbwhvk4Yg7qjVKv2dBxTVOooCuGCyDGPSoPitsEB,tank you,5,0,382.0.0.49.84,2025-07-09 23:27:39,,,382.0.0.49.84
5ff3fbdd-092e-4906-8ead-fc9435ff7166,Premas House,https://play-lh.googleusercontent.com/a-/ALV-UjXgDw2MK1C2R8cWreFOH3reuldiSHLdLX30MUXJy9wbjuyHAfc,i want all reels,5,0,387.1.0.34.85,2025-07-09 23:26:38,,,387.1.0.34.85
4c013b74-6853-4ead-8adf-9a1735eb589b,Deepak chandrapal,https://play-lh.googleusercontent.com/a-/ALV-UjVZALp8GpgzQhpDukCABt7Tayg_G2VNLOQlVKhLkBeAMl12YEHT,it's an amazing app. it's helped me be famous...,5,0,387.1.0.34.85,2025-07-09 23:25:14,,,387.1.0.34.85
258b6e44-d84e-4d49-81e0-e442dfe46ccb,Shehzada Imdad,https://play-lh.googleusercontent.com/a-/ALV-UjVW_-JJdH_S1yW42qMrHdib330AdwCknsiRGsDRjC5gEyh9JhNN,"Why no views and no viral my video my reels, please go and chack my profile, please saport me üôèüôèüôè,",5,0,365.0.0.40.94,2025-07-09 23:24:46,,,365.0.0.40.94
11e84f23-0bf0-4898-b137-023d68f6a4c6,Shaik Arbaz,https://play-lh.googleusercontent.com/a-/ALV-UjU1UFLApYvsY7QqYBZJX3rHL2VnotnVSX1iTM1tgQBUmial_wY,awesome,5,0,387.1.0.34.85,2025-07-09 23:24:19,,,387.1.0.34.85
e25b8d09-286e-4cb5-8607-c89aa763a631,H0und Fr0m He11,https://play-lh.googleusercontent.com/a-/ALV-UjXMcvIpC0fVj9X2tkCGgpytp_UzFe-tc152Uazu7nrCOjnl9mqM,banned wrongfully for something I didnt do! worst app ever,1,0,309.0.0.40.113,2025-07-09 23:24:05,,,309.0.0.40.113
e142768a-4b04-4c08-b5e2-898221641f1d,Gary Price,https://play-lh.googleusercontent.com/a-/ALV-UjXbyWB-vOROgOQGRQID27eLIctiGCs3Bi5w1GX-sXo3bwhCfL8,"interesting, because I learn alot from other people's opinions from like minded people !",5,0,387.1.0.34.85,2025-07-09 23:23:59,,,387.1.0.34.85
0a6402d0-257b-45d7-9441-1b5307e880c1,Mamta Chauhan,https://play-lh.googleusercontent.com/a/ACg8ocLsvJE0ds-xNPAImVMEZEwCE-d18XhoUAq5oRBzmyTeN8ugKw=mo,üëç,5,0,349.0.0.39.104,2025-07-09 23:23:40,,,349.0.0.39.104
46af4bfe-e6c8-45d1-b93a-2503bb2fb242,Sedinam Mary,https://play-lh.googleusercontent.com/a-/ALV-UjWXO00R7hHzILMbWUXeeroTluJDDoIK2CCoY6zTRKNGUIczPE5IDA,my app keeps crashing when I'm using it. asking me to wait or close up every 5 secs,1,0,387.1.0.34.85,2025-07-09 23:23:33,,,387.1.0.34.85
2d422cad-287f-4897-a858-e491d169fdf2,Rahim Ullah baig,https://play-lh.googleusercontent.com/a/ACg8ocJ1mdkD3PpV5avy9dJFK6BPJt0J4bpz-4rrHvWn3ZI43D0O=mo,nice app,5,0,387.1.0.34.85,2025-07-09 23:23:16,,,387.1.0.34.85
934b3dc5-6e96-419e-a5e0-c83e45765f6c,Samiya Afrin Borsha,https://play-lh.googleusercontent.com/a/ACg8ocJPpHBsftempU0Ol629-6As7pxkn-7MLf99j2_8lcW7iJRQOw=mo,Best,5,0,387.1.0.34.85,2025-07-09 23:22:50,,,387.1.0.34.85
8c1865bb-8681-4106-882f-6fc8a1183ef4,Hassan Mwinyikombo,https://play-lh.googleusercontent.com/a/ACg8ocLayCKvB8IqrPsT-w5367K9RoAblKjLQaI3_QrYcm9miJ8s6Q=mo,good,5,0,387.1.0.34.85,2025-07-09 23:21:28,,,387.1.0.34.85
4715bf78-a4a3-486d-8445-a42f898ce838,Reena Madhwani,https://play-lh.googleusercontent.com/a/ACg8ocI3mj8mcYz10qv1kB5XlSl9Cjo5FQyZDLARGf9QLkKyoJ1XyA=mo,hello team please look into my matter my Instagram is not starting and even my I'd sometimes got log out by itself,5,0,387.1.0.34.85,2025-07-09 23:19:40,,,387.1.0.34.85
8cd80e65-49b8-49d9-ab37-780a7cb456b6,Gajalakshmi,https://play-lh.googleusercontent.com/a/ACg8ocIbPhWIrfDRtYCL2yZ_omX0bY6OEqgEe74XU8Ni9Qe6kwpooQ=mo,super really entertainment,4,0,,2025-07-09 23:19:36,,,
f5d44685-37ea-4364-843c-a3e13d5b3481,oriyomi adesanya,https://play-lh.googleusercontent.com/a/ACg8ocJ77vaXRzVT8pSj0-bcgqJzPXWuwb8eQLvDpXG6oaQ3StFIkA=mo,best,5,0,387.1.0.34.85,2025-07-09 23:18:38,,,387.1.0.34.85
f8fddf50-f308-43fa-b478-db4b5e8f2b21,jawhara chergui,https://play-lh.googleusercontent.com/a/ACg8ocLVf9S-Htov3j2WszvrjMMxodj69VT6R96w-aJ8trPXjr8XpA=mo,excellent üëçüëå,5,0,383.1.0.48.78,2025-07-09 23:18:09,,,383.1.0.48.78
afd75cbf-a5d8-44e5-a897-4346399d2e53,naved ali batti,https://play-lh.googleusercontent.com/a/ACg8ocJr6lnx1NsmUNStDzQFADNd5WLxu3wNwFUm1Lrqh2prvp_dZA=mo,Instagram ai mod on,5,0,387.1.0.34.85,2025-07-09 23:17:19,,,387.1.0.34.85
e7b76dd4-32e1-48f9-8d51-df27df52de71,Eathan Booden,https://play-lh.googleusercontent.com/a/ACg8ocK8xqeHXJd5yA6qUlAfM2XGu1FcZZtX_tppONxozceYB2GfHA=mo,ur ai keep banning my account for no reason username 4evabanginkenk10,1,0,387.1.0.34.85,2025-07-09 23:17:03,,,387.1.0.34.85
ac127098-3e59-49ad-bc33-71e13facfd42,Sandeep Kumar,https://play-lh.googleusercontent.com/a-/ALV-UjU6POVtUAy1p4meiJFCBnDLXBQGDqhnIO78ANumTU6MnpeGGkU,jatav ji,5,0,278.0.0.22.117,2025-07-09 23:16:42,,,278.0.0.22.117
bf9baf37-27bb-4271-ac12-19fcdce33864,Royal Boy,https://play-lh.googleusercontent.com/a/ACg8ocJJSnSvt8MCdn9h9SQxTm93KaD42i5h-MDnHSB51GSxIx_3dA=mo,hii sir,5,0,,2025-07-09 23:15:57,,,
4d30d530-5cdd-4340-b447-cec94b1ae832,Nancy Singh,https://play-lh.googleusercontent.com/a-/ALV-UjWgRZCyMDGdlbbxHdm5kK3-Q8WS8q-IePhFZ3jpDxEE9XqRoMU,my Instagram didn't have restyle option.,1,0,361.0.0.46.88,2025-07-09 23:15:30,,,361.0.0.46.88
999bd505-784b-4d94-941d-1031877540d4,Masarrat Jehan Acharya,https://play-lh.googleusercontent.com/a/ACg8ocLYTxeHVx9-WsdvYyPAon1G8Bqfxj9KJy29EC4zKFGUSjUaNQ=mo,very good to promote your business,5,0,,2025-07-09 23:14:57,,,
015e8e4f-eb66-461e-9e96-b39f71f59af7,Rana Bilalqadri9292,https://play-lh.googleusercontent.com/a-/ALV-UjVb24UjMwbpT8FFgQpjtWsEQtH8Amv_qG87oZOU0HMFVNbWW0M,nice,5,0,387.1.0.34.85,2025-07-09 23:14:51,,,387.1.0.34.85
60df60b0-2bcc-4c81-93d7-1b7e981d76d8,Sumit Singh,https://play-lh.googleusercontent.com/a-/ALV-UjUfDv_wNa7Y8GDPpLIbctK6cfV9toqqIUfOpuRrF0gzdyKfDryy,very enjoyable and earning app,5,0,387.1.0.34.85,2025-07-09 23:14:49,,,387.1.0.34.85
5c95c90b-7d29-41ee-9483-78b7a702c2c5,Daravath Abhiram,https://play-lh.googleusercontent.com/a/ACg8ocKFx_bNp9ARW4Lz5mEsaE3txcne5qtZltMuJfVuYhOki3DIgQ=mo,good,5,0,,2025-07-09 23:14:42,,,
ee0b70b5-10ed-447a-b4c9-97662266d82b,Emon,https://play-lh.googleusercontent.com/a/ACg8ocKyN-eIusk3A3Wc8ar2hz3zdwRG21ccr0XOjcyBmEe6l53smQ=mo,nice app instagram is the best,5,0,387.1.0.34.85,2025-07-09 23:14:19,,,387.1.0.34.85
6f57012c-e87e-41b9-a27b-437f96200ab4,Anmol Kashyap,https://play-lh.googleusercontent.com/a/ACg8ocKSWogY9mduH3bySykP4PZnFDgPOCmrbvygqs7DjqSieeDd=mo,üòáüòá,5,0,385.0.0.47.74,2025-07-09 23:14:02,,,385.0.0.47.74
3770620d-da90-4f1d-bdee-e34c855e9aad,Scott Simelane,https://play-lh.googleusercontent.com/a-/ALV-UjVPPXZo-vtt8EAhyfgkf0t9bLdMursMWikgG2BdCyJZS-O1UMbP,Good,5,0,387.1.0.34.85,2025-07-09 23:14:01,,,387.1.0.34.85
f7d4ddd0-0c5f-49ea-b337-f849c19ed9bb,Bhomaram Gurjar,https://play-lh.googleusercontent.com/a-/ALV-UjXV5QEfBAVeOmezjEbG2VhllY8BBdRRE3zCBZoc3-FtYf5Y-qfv,best. aap,5,0,387.1.0.34.85,2025-07-09 23:13:50,,,387.1.0.34.85
bd4bea0c-f6aa-46f8-baec-9381347ff1ee,Yogesh Dholpuria,https://play-lh.googleusercontent.com/a/ACg8ocIH1u7yMRE7JfGJvR_gL_yb1_JSE27LcI4UUdRxwSmMFqcA8Q=mo,excellent,5,0,387.1.0.34.85,2025-07-09 23:13:43,,,387.1.0.34.85
4abfc3ba-c5e4-4232-b35b-806e1653a63c,shilpi jayswal,https://play-lh.googleusercontent.com/a-/ALV-UjUEkrWue-WbtrjZBnENYrOe7zM-1V75qgu-r6CDKgPdGW26GZA,theek h,5,0,378.0.0.52.68,2025-07-09 23:12:58,,,378.0.0.52.68
dc78fe13-c653-4474-b944-50972479233d,Neeraj Nyal,https://play-lh.googleusercontent.com/a/ACg8ocKJyBj5I8TamVBgmQke2mtMD3F9U82SgbWNts3GqpT5o8Cw6Q=mo,I love instagram,5,0,387.1.0.34.85,2025-07-09 23:12:44,,,387.1.0.34.85
fe31663b-5c1e-4673-87de-cc25cde39586,Arshan Ansari,https://play-lh.googleusercontent.com/a-/ALV-UjXWVodQB-T89uCwJUVVMDoecBGJuT3jN-CRWMy_49d7zWLEzDWk,Everything is good but I'm unable to Open Places or Location...Please Fix it !!,4,0,386.0.0.46.84,2025-07-09 23:12:25,,,386.0.0.46.84
5adcfec7-8bfe-4a88-8820-9115c63814c5,Jeevan Ks,https://play-lh.googleusercontent.com/a/ACg8ocKDwgaTvKm9EEAYXg9-FO0ivcNgabXjBt24GLE6p9vJTXsoyA=mo,in my Instagram not showing my style system font please search it,4,0,387.1.0.34.85,2025-07-09 23:11:28,,,387.1.0.34.85
9440bea2-1792-430f-9be3-3c43f125c9f4,Hasheena Burah,https://play-lh.googleusercontent.com/a/ACg8ocL75BPxcl-lgInA8-702SO1rAnPFcQzhO6iQr1-3PJWgdGDwg=mo,please add repost option to Instagram alsoüò©üòí,5,0,389.0.0.0.73,2025-07-09 23:10:35,,,389.0.0.0.73
79db067d-7558-44ee-9d91-5864b9d8d5f8,Dileep Kumar,https://play-lh.googleusercontent.com/a-/ALV-UjVAw3tK4LM2zH1mksfdNEBdGJ0Nis6HkYcih5wg2ILICuaLu-8,Jya Vishwakarma,5,0,385.0.0.47.74,2025-07-09 23:10:28,,,385.0.0.47.74
5e9a42c5-04ac-4efd-997b-f7b54c9db1ab,Marwan Abbb,https://play-lh.googleusercontent.com/a/ACg8ocIHRK6MIkajjyeFuRXSwTg2eLo1IqC_e3eze-LSPMAITQ9dJg=mo,nice app,5,0,,2025-07-09 23:10:26,,,
56983c85-d8e9-4ca5-b711-dfccd21cbfc3,Aashif Balooch,https://play-lh.googleusercontent.com/a/ACg8ocJCX7RSURyUSUVL0gV-3G4_Otn6-BYzJdvmIW-JZ1CrG1LW6g=mo,is wanderpul app,5,0,387.1.0.34.85,2025-07-09 23:10:26,,,387.1.0.34.85
7486f5e2-beee-4f32-8653-766abb1b4654,Muhammed Muhammed adil,https://play-lh.googleusercontent.com/a/ACg8ocJggxOrueMYMFPHWT1i3ntjgkPFQawhOKNOxJD0vM6lxITx7w=mo,Hi instgram,1,0,387.1.0.34.85,2025-07-09 23:10:14,,,387.1.0.34.85
cc12c817-b591-4709-b38a-03e14a89b3c8,Sahi Naz,https://play-lh.googleusercontent.com/a-/ALV-UjW9wneWDftcThGr1Vi7O_fEvi90LJD8U6RteqM3wqOfM56Sb59X,not work on chrombook,1,0,387.1.0.34.85,2025-07-09 23:10:03,,,387.1.0.34.85
0081dd08-bfbf-4843-96a4-7a50ac09d39d,Hxgiurx 'hxlgsdt,https://play-lh.googleusercontent.com/a/ACg8ocJWvAmm9Ty_ADm2mRUNS0TSUzPQZt5f1xd-msK4zldGitcjzw=mo,nice,5,0,,2025-07-09 23:09:28,,,
6e435029-d1e4-4b6f-b5ee-4390d91efbd2,Osahon Divine,https://play-lh.googleusercontent.com/a/ACg8ocJ4COKNUx6HG9NBN6sOLCz3Fq19XrZ3IgCxqEjR6YXexpGybQ=mo,cool üòé,5,0,384.0.0.46.83,2025-07-09 23:08:48,,,384.0.0.46.83
0adb0e20-b814-4ce5-b67f-bf5a24f42cba,Ansari,https://play-lh.googleusercontent.com/a/ACg8ocK9BcW2U52nHIQ1jLemSNwf2mz8OYQSdgMFKMzNXC01YIzj6Q=mo,excellent,5,0,387.1.0.34.85,2025-07-09 23:07:55,,,387.1.0.34.85
80d3cafd-554d-4586-a350-ee0cf1c88c4b,Raja Kumar,https://play-lh.googleusercontent.com/a/ACg8ocIZhw4DJ8IoDcTypFd6S0SIN_oxsksGEAzU__qf1Mngf5JdUg=mo,superb,1,0,386.0.0.46.84,2025-07-09 23:07:17,,,386.0.0.46.84
f64b8760-7c70-47dd-94f5-6932a54d5a54,Cyril Chi,https://play-lh.googleusercontent.com/a/ACg8ocKUuqw5uLiZbV59HKA4eWEqmNKJIeCjw93DAafSssy4eXzW-w=mo,Ï¢ãÏùÄ ÏÑ±Îä•Ïù¥ÏóêÏöî Ï†ïÎßê Ï¢ãÏïÑÏöî,5,0,387.1.0.34.85,2025-07-09 23:06:35,,,387.1.0.34.85
1c7c28df-5c01-439e-a4a3-d3ea9f8bf014,Manish Yadav,https://play-lh.googleusercontent.com/a-/ALV-UjVwGWVf99nX16inLnn4rS8PPMJG7sSf1oNnMe3DM-JmnnpK5tE3,meri id jo viral hoti hai instgram delete kar deta hai aap ki bhi koi id delete hu hai,5,0,381.2.0.53.84,2025-07-09 23:06:08,,,381.2.0.53.84
bc728e50-6d21-4ea5-bb5c-78f64830c574,Onkar Khade,https://play-lh.googleusercontent.com/a-/ALV-UjVYPMkN9LZNxh6b3yHMqnlgdMTEW5d4GoeGm4urCV59lbQ0Rs5UQQ,Mental balance is disturbed,1,0,345.0.0.48.95,2025-07-09 23:05:54,,,345.0.0.48.95
ccf0d393-caba-4769-be6e-5d191462e7f0,Shital Takpere,https://play-lh.googleusercontent.com/a-/ALV-UjU8EMpbJ-Tf6XXsOmS0vM-vYS1qvCNC3hzoYng5b8tY4fpyDBqO,üëçü§ô,5,0,385.0.0.47.74,2025-07-09 23:05:02,,,385.0.0.47.74
5c7e3262-4138-4e26-b60c-d7eec74134dc,Namita Pawar,https://play-lh.googleusercontent.com/a/ACg8ocI9C3NmtLfFzmeZykpTd-lcWk1fmaLzkbIWL4nLQfS5oLZ-HQ=mo,wheeling dog raw te tci tax verb ge,5,0,376.1.0.55.68,2025-07-09 23:04:26,,,376.1.0.55.68
64a59998-49d3-4ed2-844c-8e2e4a254ad3,Sivaguru Mathanaruban,https://play-lh.googleusercontent.com/a/ACg8ocL7y9CRdXUs0FVhdvX9B805skmZi5lem2Ky2OnJompHJavxyA=mo,well entertainer,5,0,,2025-07-09 23:04:22,,,
0e905782-cbf8-4c7c-9add-a79ed724997a,Raavin Raavin,https://play-lh.googleusercontent.com/a/ACg8ocITF-SR9tXCCVlmOh7hPv_DSUybQTwhZ5QV8G8Mu8oBRh9-rQ=mo,Nice app,5,0,,2025-07-09 23:03:32,,,
904bc723-e790-485b-8e09-25f883b7821d,G.Mustafa Memon,https://play-lh.googleusercontent.com/a/ACg8ocKZr2pdoUw3Kfi8OmHsrqV4rCRJOiiiPXXw5xJUpN512prZ2g=mo,good luck,5,0,,2025-07-09 23:03:26,,,
94b35f74-791d-4648-aa9b-485718ea17c1,Vishal Kumar,https://play-lh.googleusercontent.com/a-/ALV-UjXB5lYswjX8AhUjl3e0atmJRSe6HfMXFNF-NzaFwdaZvvkAYOE,followers kaise banaye,5,0,378.0.0.52.68,2025-07-09 23:03:19,,,378.0.0.52.68
e0f7ed68-84f4-4013-bed3-ab956aae0343,Samim Sk,https://play-lh.googleusercontent.com/a-/ALV-UjWE63eaz8p1i260J881nwUfc1VM1N3mY9TwDEwfzNA95rxFXuY,samimsk,5,0,387.1.0.34.85,2025-07-09 23:03:03,,,387.1.0.34.85
26daee41-75dd-4487-bd6b-6a36a166ef0b,Shah SAlim,https://play-lh.googleusercontent.com/a/ACg8ocK6wUXO7oLHYUyCJEQ1VnV5UtTd9BL4niYU7hbegRBq_AJmhQ=mo,Yes,5,0,,2025-07-09 23:02:49,,,
a656acfa-1d6d-4dd8-b0a6-3e9d8d258645,Shivangi Sharma,https://play-lh.googleusercontent.com/a-/ALV-UjXCmBO58s2wRd7CN0iRyNCXi8hsolYChmO-CXpcZSAu2wQ2YqmF,good,5,0,387.1.0.34.85,2025-07-09 23:01:29,,,387.1.0.34.85
8880f7da-393c-4229-bfc3-771327d35a35,Bhumika,https://play-lh.googleusercontent.com/a/ACg8ocI7z5KP0cJlf3eo3ow1mQwqCQg_0PBzzSrqfFvdzkh8aaaIRQ=mo,"I never get enough of this app , i love this app ‚ò∫Ô∏è",5,0,385.0.0.47.74,2025-07-09 23:00:51,,,385.0.0.47.74
bc4d9ea3-dbde-4531-bcb7-06b53211e4e6,Ankit Mane,https://play-lh.googleusercontent.com/a/ACg8ocKu5Q_TERuF-YSn6c18XUqIdwFiXRleBz-hGAZdEAlEYMcOkA=mo,because it's easy to contact,5,0,,2025-07-09 23:00:51,,,
5ce25070-528d-4423-84d0-58facef1aa3f,Raj Vishwakarma,https://play-lh.googleusercontent.com/a-/ALV-UjWQSlJYdVmxp4p0czLFoWSgLxWfIWsiyuOihK70KIgC1aWpHlQ,poor,1,0,263.2.0.19.104,2025-07-09 22:59:02,,,263.2.0.19.104
ed9deff7-a1e7-4aca-b74e-247f35d1752e,Rakesh Kumar,https://play-lh.googleusercontent.com/a-/ALV-UjXL-eYrjH0DieCSeW89527D3BX0FHFjCSPIvCZiFO_DzXDpi765UQ,the very most falls app,5,0,387.1.0.34.85,2025-07-09 22:58:49,,,387.1.0.34.85
d4e48cc3-42a5-43fe-9765-264747bedaca,Jomar Wingo,https://play-lh.googleusercontent.com/a-/ALV-UjW2inMeW9MQmOZD4I2MC8nHrJGtnVO4sVx-ddhG4Fe1uajjYyw,Kilometer except jllpn7,1,0,,2025-07-09 22:58:25,,,
504cb6ed-ac88-49d4-a564-c530ba42d073,Azher Mohammed,https://play-lh.googleusercontent.com/a-/ALV-UjWqMTAjgL6_I2MX6t7Kr7Kbt7TNKU363nnP8lCIcFLliuhBAkU,soon good,5,0,387.1.0.34.85,2025-07-09 22:58:02,,,387.1.0.34.85
ae9b8768-1b6c-411a-9016-ba423346c1f7,Yassin Abghor,https://play-lh.googleusercontent.com/a/ACg8ocItyH4mGS0OYsfL1Lj0K-WOnwWXQPs__8oLWgvivTEBWmpX0A=mo,awoseme,5,0,387.1.0.34.85,2025-07-09 22:57:58,,,387.1.0.34.85
e5a1a713-0596-44a4-b8fc-891391fdc263,Vasant Sankanur,https://play-lh.googleusercontent.com/a/ACg8ocINYu3ohbHFkHj0ZK8LV02zihYBoj5QzpX84LZHff7WiBybyA=mo,This app is my favorite app,5,0,376.1.0.55.68,2025-07-09 22:57:56,,,376.1.0.55.68
0920108a-ec65-4bcf-84d3-47c048a47a3b,A Google user,https://play-lh.googleusercontent.com/EGemoI2NTXmTsBVtJqk8jxF9rh8ApRWfsIMQSt2uE4OcpQqbFu7f7NbTK05lx80nuSijCz7sc3a277R67g,"pixel 9, this issue continues to get worse. The app constantly hangs freezes and crashes or forces me to force close and clear cache.",1,0,387.1.0.34.85,2025-07-09 22:57:54,,,387.1.0.34.85
38d9d4d1-432a-4b5e-a38c-70c4a220387e,Hassan Zamann,https://play-lh.googleusercontent.com/a-/ALV-UjVIJ3XF2YDd3OExqBTRyyQ3TQGKxAA165Qf7DhAH7433Hvrj0U,addictive,1,0,,2025-07-09 22:56:05,,,
ac9d5574-e1d1-47df-9e1a-3cb1a89e417b,Purabi lata Ray,https://play-lh.googleusercontent.com/a-/ALV-UjU6cWsZW9t_-v_74gqH4jZ6bFWoW7yeCV_31tLt-TpW-amGkcws,nice experience,5,0,388.0.0.34.75,2025-07-09 22:55:37,,,388.0.0.34.75
bd011199-0fde-4242-9c28-7ca598257cf2,Manish Kumar,https://play-lh.googleusercontent.com/a/ACg8ocLtXEGoShwlVT0qHUAr0khbYBWHAjSPMmDef7hVysjyq7ENVg=mo,good,5,0,,2025-07-09 22:54:38,,,
d7c71f95-e83b-4f60-8cc8-d16219e51c55,Nur mahammad Ali,https://play-lh.googleusercontent.com/a-/ALV-UjWILG_rJlaO7pVKwnTezeqSQGXHdgTw7XZoT0jw5DfIHAE-B1Lb,very interesting app,5,0,381.2.0.53.84,2025-07-09 22:53:13,,,381.2.0.53.84
1e91f4eb-1a9b-4ba1-ab79-295540d74642,Vijay Yede,https://play-lh.googleusercontent.com/a-/ALV-UjU81FM6PMOpjsu0RQne4mdKODUGiofD07w8nOuztEbHCdfyvQgQ,‚ù§Ô∏è‚ù§Ô∏è‚ù§Ô∏è‚ù§Ô∏è‚ù§Ô∏è‚ù§Ô∏èüíê,5,0,387.1.0.34.85,2025-07-09 22:52:50,,,387.1.0.34.85
e11e7cac-4850-45d9-84c2-f49807a6cda1,KASIM KHAN,https://play-lh.googleusercontent.com/a/ACg8ocJ4HzaS_kO_C8Uu7J4V7NPjq1PJCqHTRQiaiyTkiZbujM21rg=mo,good app but not viral anyone,3,0,384.0.0.46.83,2025-07-09 22:51:46,,,384.0.0.46.83
fbee1153-e98e-4ada-acb8-34f81626df2d,Nuruddin Sk,https://play-lh.googleusercontent.com/a-/ALV-UjV058v8lPzF1jmWPbXBUmoiQc63MezmoeZZ7hI3XdFyIw67nDFx,Nice app,5,0,382.0.0.49.84,2025-07-09 22:50:52,,,382.0.0.49.84
773ad662-7f33-4dd7-a226-0367f65ae48a,Melissa Michael,https://play-lh.googleusercontent.com/a-/ALV-UjX4z-8rDQoaojz56Vb10b5D-CkNyzSUprhh6z4jO7byWO7cBNU4,counterintuitive. how do I even post on this?,2,0,387.1.0.34.85,2025-07-09 22:50:25,,,387.1.0.34.85
7f574d02-9f05-47a9-93f4-885d524b5e5b,Iremide AJayi,https://play-lh.googleusercontent.com/a-/ALV-UjXy_QB5GzqD2x__PDRXEJLxbadxRp5SmaGscLyxFhc7sDxELF1diQ,Best App Ever,5,0,381.2.0.53.84,2025-07-09 22:49:48,,,381.2.0.53.84
0f1a534a-0f32-47b9-8ceb-09d2c0360dc5,Rohit Dhage,https://play-lh.googleusercontent.com/a-/ALV-UjW1TE8vscMyGe5X_KDWq2pme9mP7zBamEdKcH3cgFrz4VoKwvY,Apsara lodge üòäüòäüòäüòäüòä,3,0,388.0.0.31.75,2025-07-09 22:49:42,,,388.0.0.31.75
c874022b-dd5d-40f9-8cdd-198a83294ed8,Prince Kumar,https://play-lh.googleusercontent.com/a-/ALV-UjXFs4iAugbQZDIVfaJO-KwMIFaHPqNk87dZ0WRgqc485EexO0c,best,4,0,387.1.0.34.85,2025-07-09 22:49:38,,,387.1.0.34.85
9f738a3a-04cf-4941-b8a3-bec3ac37f443,VINOD BHATI,https://play-lh.googleusercontent.com/a/ACg8ocIuB_XXL4vDmW7Z1-pc4PUciAqGbvxDO7cmvxXSGw9ncYyWIA=mo,sabse best app mere layak in followers bahut badhiya ismein Sab Instagram ki meherbani Hai isase Mera Ghar chalta hai,5,0,385.0.0.47.74,2025-07-09 22:49:27,,,385.0.0.47.74
1b02f979-3549-43ae-8a59-d141b02b0a35,Alissa Parker,https://play-lh.googleusercontent.com/a/ACg8ocIMQWBx3YhsaTwMjJcTu4EjmXCCVFLzo3vPzx2kaweZGrLWlA=mo,it is amazing! it gave me a chance to reach out to many people and learn new people and experiences I would definitely recommend this app to anyone looking for more of a social experience!!!,5,0,387.1.0.34.85,2025-07-09 22:49:16,,,387.1.0.34.85
44d28e71-80ff-43b9-a30d-2b6ea3899221,Rahul Singh,https://play-lh.googleusercontent.com/a/ACg8ocJeBEMvciNDgY6TDNg2K6u6ZdPegVgmmiZXXto6_Dw5YkTWje0=mo,osm Good üíØ,5,0,365.0.0.40.94,2025-07-09 22:49:10,,,365.0.0.40.94
68d6d9d7-5198-4acc-ab97-5ed5694837b7,Saeed Aria,https://play-lh.googleusercontent.com/a-/ALV-UjUaxZ8klwMBeopiZGv1V8FE39sFVktlfw6AKVHsvOK5_RFAwg4,iran iran .,5,0,,2025-07-09 22:48:50,,,
8c73985e-c300-4b73-a8d4-e4af76307269,Subhash Mishra,https://play-lh.googleusercontent.com/a/ACg8ocKng7EyomS-vm_ZDgxrhkuFBnKGvVp11PcIqfEiVNa2nwqKOg=mo,Awesome app,5,0,218.0.0.19.108,2025-07-09 22:48:43,,,218.0.0.19.108
ad67b7ed-f2fe-4720-ab4d-49ac783c8f28,Md Rahim,https://play-lh.googleusercontent.com/a/ACg8ocL-9fVl2cilYIq7RsAY-bSeojL1g00Jj7cR23sOMzpxEbtG6No=mo,kya chiz banai hai aap ne,5,0,387.1.0.34.85,2025-07-09 22:48:01,,,387.1.0.34.85
769c32d1-9e16-4651-970e-e85c4ca1b8e4,MD Salman,https://play-lh.googleusercontent.com/a/ACg8ocLxfRjPT8t6GwHFzwTkYscXLby31zqK_lxgaEq_J10q_OcKyQ=mo,MD slman,5,0,,2025-07-09 22:47:48,,,
a2bf77aa-750c-4a22-b6d7-56df94636da2,Suman Biganiya,https://play-lh.googleusercontent.com/a/ACg8ocLKCeQUPRTMXLuS_fqYWXwwPIr-gCFeS045c3iWrsqivU0sAg=mo,in,1,0,,2025-07-09 22:46:56,,,
2ef885c1-dbc2-4801-a4d6-340acade7e10,Ajay Rathod,https://play-lh.googleusercontent.com/a/ACg8ocIpDwTphH9z3dkefjPgZPyxju75pyboVo2XIfVbMH3I0wq8ZQ=mo,world üåç famosh,5,0,,2025-07-09 22:46:15,,,
5c156628-502b-400d-b886-eb8789deb76a,Ethio WisdomCenter,https://play-lh.googleusercontent.com/a/ACg8ocLa3uMTPC7JcymjilGPZDJV34G7kAgTXS0IjpoimDLSCg0G=mo,It is good,5,0,,2025-07-09 22:45:30,,,
7d5a2030-aedc-4db0-89c8-646f174efa84,Vikash Yadav,https://play-lh.googleusercontent.com/a/ACg8ocIkyzeyrx-3YWoVBIw9YWzRqR2n9tvhpRdNO-naBOw8DpDyrw=mo,my Instagram is not working ü•∫ü•∫üôèüôè,2,0,387.1.0.34.85,2025-07-09 22:45:24,,,387.1.0.34.85
